{
  "project_info": {
    "project_number": "110594467054",
    "firebase_url": "https://chatter-40b44.firebaseio.com",
    "project_id": "chatter-40b44",
    "storage_bucket": "chatter-40b44.appspot.com"
  },
  "client": [
    {
      "client_info": {
        "mobilesdk_app_id": "1:110594467054:android:a201610b9d918e2d",
        "android_client_info": {
          "package_name": "com.dcalabrese22.dan.chatter"
        }
      },
      "oauth_client": [
        {
          "client_id": "110594467054-juqgr72ashcfg65nl7r0i2g37sh9hrio.apps.googleusercontent.com",
          "client_type": 3
        }
      ],
      "api_key": [
        {
          "current_key": "AIzaSyCATX7rs0AqY3W5jT96OJYAngzk0WVNAVc"
        }
      ],
      "services": {
        "analytics_service": {
          "status": 1
        },
        "appinvite_service": {
          "status": 1,
          "other_platform_oauth_client": []
        },
        "ads_service": {
          "status": 2
        }
      }
    }
  ],
  "configuration_version": "1"
}